id;name;address;department;category;longitude;latitude
830103107;MECS SAINT-EXUPERY;20 LOT DES ALGUES 83120 STE MAXIME;83;177;6.664765757628478;43.329574761899266
130786585;MECS ACCUEIL ENFANCE JEUNESSE;14 BD BONIFAY 13010 MARSEILLE;13;177;5.4323175513344095;43.281186857078175
130791536;CENTRE DE  P.M.I - LA SAUVAGERE;253 BD ROMAIN ROLLAND 13010 MARSEILLE;13;223;5.4141863973863575;43.27383575135292
040788580;HJ PSY IJ CHATEAU ARNOUX;68 BD DU GENERAL DE GAULLE 04160 CHATEAU ARNOUX ST AUBAN;4;355;6.0111212300475945;44.09883048118093
130043128;CENTRE DE PMI DES BOUCHES DU RHONE;21 BD MIRABEAU 13331 MARSEILLE CEDEX 03;13;223;5.3685384648558125;43.31381745746038
130046998;MECS SEAP;10 AV DES CAILLOLS 13012 MARSEILLE;13;177;5.423295371511748;43.30401970870067
840011407;CHI CAVAILLON LAURIS CTRE PLANIF FAM;MAISON PETITE ENFANCE 84800 L ISLE SUR LA SORGUE;84;355;5.0506310212864305;43.91953014283905
040787772;CENTRE HOSPIT SPE PSY DIGNE LES BAINS;QUA SAINT CHRISTOPHE 04995 DIGNE LES BAINS CEDEX 9;4;355;6.187212491045508;44.077186548706365
040000069;CHI MANOSQUE SITE FORCALQUIER;1 AV DU DOCTEUR EUGENE BERNARD 04300 FORCALQUIER;4;355;5.780591180517227;43.9601334390117
130783517;MECS CHARLES ET GABRIEL SERVEL;303 PROM CORNICHE KENNEDY 13007 MARSEILLE;13;177;5.362510666914429;43.282463083493745
130051832;MECS MNA SOLIHA PROVENCE;1 CHE DES GRIVES 13013 MARSEILLE;13;177;5.419496353033626;43.353884302407344
840002257;MECS LA PROVIDENCE;24 R DU NOBLE 84100 ORANGE;84;177;4.808048263609991;44.13966726069289
130000409;CHI SITE D'AIX EN PROVENCE;AV DES TAMARIS 13616 AIX EN PROVENCE CEDEX 1;13;355;5.440666530669908;43.53609721819244
040780629;MECS JEAN ESCUDIÉ;22 CHE DES ALPAGES 04400 BARCELONNETTE;4;177;6.652553554724758;44.382426134911796
130051790;MECS SAME MNA ARS;06 R DES FABRES 13001 MARSEILLE;13;177;5.376408663278397;43.29667296458594
130002827;CH JOSEPH IMBERT D'ARLES;QUA FOURCHON 13637 ARLES CEDEX;13;355;4.628108813985113;43.65800187558368
830024329;MECS LA BASTIDE;56 AV VAISSEAU DE GUÈS 83100 TOULON;83;177;5.980848944345169;43.11707458306499
830206983;CH DEPARTEMENTAL DU VAR AU LUC;7 R JEAN JAURES 83340 LE LUC;83;355;6.315223935464944;43.39440627461121
130043912;MECS L'ESQUINETO;19 R BERLIOZ 13006 MARSEILLE;13;177;5.383502463113034;43.28899118947994
130809817;MECS LA CHAMADE;10 R DU GRAND JAS 13121 AURONS;13;177;5.157131294673278;43.664937327075755
130790157;CH DE MARTIGUES HOPITAL DU VALLON;BD DU 19 MARS 1962 13500 MARTIGUES;13;355;5.038949212567987;43.42320062807943
130808447;HJ LACROIX SECT 13G27;R LACROIX 13200 ARLES;13;355;4.6409341984422765;43.67446807205164
130783186;MECS L'ABRI;80 R SAINTE-CECILE 13005 MARSEILLE;13;177;5.394096110456764;43.287799433962114
830024170;LE PRÉLUDE;312 AV JEAN MONNET 83190 OLLIOULES;83;166;5.85829262045759;43.12714944868425
830212510;MECS LES KIDDIES;421 AV DE LATTRE DE TASSIGNY 83170 BRIGNOLES;83;177;6.070081064924284;43.40418020106152
840012868;"""F.A.E. """"LE REGAIN""""""";375 R PIERRE SEGHERS 84000 AVIGNON;84;177;4.838157121901963;43.92691344768871
130809015;CENTRE GERONTOLOGIQUE DEPARTEMENTAL;176 AV DE MONTOLIVET 13375 MARSEILLE CEDEX 12;13;355;5.410457442717582;43.311662399343824
830103115;MECS LES CADES;230 CHE DES ENFANTS 83690 SILLANS LA CASCADE;83;177;6.155320362683219;43.568725220247934
130002835;CH DE MARTIGUES HOPITAL DES RAYETTES;3 BD DES RAYETTES 13698 MARTIGUES CEDEX;13;355;5.040768720063502;43.41305725169213
130046980;MECS L'ESCALE SAINT CHARLES;3 R PALESTRO 13003 MARSEILLE;13;177;5.381220892284611;43.305103315317545
830028254;MECS VILLA SAKURA;54 CHE DE PIERREDON ANNEXE 83110 SANARY SUR MER;83;177;5.8145644559043586;43.13348544994985
040780751;MAISON D ENFANTS LA SOURCE;LE SERRE VINATIER 04140 SEYNE LES ALPES;4;177;6.345016293488092;44.35331636316154
130782535;MECS LE RAYON SOLEIL POMEYROL;12 BD DE GASPARIN 13103 ST ETIENNE DU GRES;13;177;4.719941136796318;43.780109049594905
040780637;MECS TREMPLIN;2 CHE DU MOULIN 04000 DIGNE LES BAINS;4;177;6.211247320031278;44.08552164282583
830025300;MECS L'ESCALE SAINT-ELME;166 CHE DU FORT DAINT-ELME 83500 LA SEYNE SUR MER;83;177;5.901335672486377;43.07712116739218
130055924;MAISON PARENTALE CAGANIS;22 R LONGUE DES CAPUCINS 13001 MARSEILLE;13;166;5.379445055004525;43.296742051527865
130001225;HOPITAL DU PAYS SALONAIS;207 AV JULIEN FABRE 13658 SALON DE PROVENCE CEDEX;13;355;5.102441553963743;43.63889964875361
830004024;MECS LES ROMARINS;524 R SEVERIN SAURIN 83140 SIX FOURS LES PLAGES;83;177;5.838394384050708;43.08977061267276
830202438;CTRE MEDICO SOC MUNICIP P M I;R PROFESSEUR PICARD 83500 LA SEYNE SUR MER;83;223;5.866585005732288;43.11201928905105
840000483;CH LOUIS GIORGI D'ORANGE;AV DE LAVOISIER 84106 ORANGE CEDEX;84;355;4.8234022295725945;44.14529643429286
840000525;CH VAISON LA ROMAINE;18 R GRAND'RUE 84110 VAISON LA ROMAINE;84;355;5.074748060347651;44.23963911066889
130783863;MECS COSTEBEL;392 R PARADIS 13008 MARSEILLE;13;177;5.383632455105393;43.27696569846362
830000345;CHITS CH SAINTE MUSSE;54 R HENRI SAINTE CLAIRE DEVILLE 83056 TOULON CEDEX;83;355;5.9753795258780835;43.12515364492891
840023469;ENTRAIDE PIERRE VALDO - ASSAJIE;82 RTE DE MONTFAVET 84000 AVIGNON;84;177;4.827626685130801;43.940460772296504
830206355;MECS EQUINOXE;71 IMP DU DOCTEUR BLANCHARD 83100 TOULON;83;177;5.973811837453275;43.122650603439865
130792369;CONSULTATIONS DE PMI JAS DE BOUFFAN;ZAC JAS DE BOUFFAN 13100 AIX EN PROVENCE;13;223;5.413752417751806;43.52437455125491
840011381;CH D'ORANGE CTRE PLANIF FAMILIALE;CRS POURTOULE 84106 ORANGE CEDEX;84;355;4.810289330222541;44.135371878414524
040006264;HJ CASA SITE MANOSQUE;9151 R AMPERE ZONE ST JOSEPH 04100 MANOSQUE;4;355;5.79650869675061;43.822628254212496
830212528;MECS COSTEBELLE;112 AV DU MARECHAL LECLERC 83400 HYERES;83;177;6.117876799929037;43.11863633488706
830213856;CH HYERES SITE RIONDET;33 AV RIONDET 83400 HYERES;83;355;6.119917496548474;43.12200138623566
130781909;MECS L'EAU VIVE;MLN DU PONT 13111 COUDOUX;13;177;5.259591520432434;43.541861478828395
130790223;SOS VILLAGE D'ENFANTS;10 ALL YVON MORANDAT 13008 MARSEILLE;13;176;5.391705620883703;43.23907489867032
130803661;USMP CENTRE DETENTION CH ARLES;QUA RADOUBS 13150 TARASCON;13;355;4.6557578337117045;43.800761757600746
130046972;MECS LA GALIPIOTE;34 AV DE LA VISTE 13315 MARSEILLE CEDEX 15;13;177;5.357407396999364;43.355217361856255
130025489;CENTRE MATERNEL  LA MARTINE;15 BD DE LA PRESENTATION 13013 MARSEILLE;13;166;5.426888388303919;43.329711578679174
840001861;CH D'AVIGNON HENRI DUFFAUT;305 R RAOUL FOLLEREAU 84902 AVIGNON CEDEX 9;84;355;4.8051781476333;43.92021872741911
040785339;MECS DOMAINE D'AUROUE;LE PLAN DES AIRES 04300 FORCALQUIER;4;177;5.79467070687389;43.93875681906917
840000491;CHI SITE DE PERTUIS;58 R DE CROZE 84123 PERTUIS CEDEX;84;355;5.499958745637513;43.693929308678314
830100608;CHITS CH GEORGE SAND;AV JULES RENARD 83507 LA SEYNE SUR MER CEDEX;83;355;5.8706664355563145;43.11056867260032
840002273;MECS LE MOULIN DU VAISSEAU;1750 LA VENUE MORMOIRON 84380 MAZAN;84;177;5.1538141208705985;44.0513842801274
830025359;SOS VILLAGE ENFANT BESSE SUR ISSOLE;10 IMP DE PITCHOUNS 83890 BESSE SUR ISSOLE;83;176;6.184889534202349;43.34957088459553
840019541;AHARP SERVICE JEUNES MNA;19 AV DE LA SYNAGOGUE 84000 AVIGNON;84;177;4.821488092625503;43.951761797991765
130797533;CENTRE MATERNEL AGNES JESSE-CHARLEVAL;75 BD DE LA BLANCARDE 13004 MARSEILLE;13;166;5.401437774714765;43.30304416780387
840000418;CHI DE CAVAILLON LAURIS;119 AV GEORGES CLEMENCEAU 84304 CAVAILLON CEDEX;84;355;5.037537830163125;43.84032388136538
040784928;CENTRE PARENTAL PÔLE ENFANCE 04;6 AV MARECHAL LECLERC 04000 DIGNE LES BAINS;4;166;6.234418701922218;44.09854513414609
840000533;CH JULES NIEL DE VALREAS;CRS TIVOLI 84600 VALREAS;84;355;4.991952652283959;44.3822777795844
830020889;CH DE HYERES ANTENNE SMUR DU LAVANDOU;R DES BUGADIERES 83980 LE LAVANDOU;83;355;6.357324591816562;43.143532058507425
830212536;MECS L ALIZE;15 AV DE BRUNET 83100 TOULON;83;177;5.962724361382294;43.12945098739855
040005043;HJ CH DIGNE;8 R JULES ARNOUX 04000 DIGNE LES BAINS;4;355;6.232018361315453;44.10372982131691
130051063;DISPOSITIF D'INSERTION SOCIALE MNA;76 BD RABATAU 13008 MARSEILLE;13;177;5.395382384112266;43.275108387855354
130015449;HJ PSY SECT25 PORT BOUC CH MARTIGUES;52 AV PAUL VAILLANT COUTURIER 13110 PORT DE BOUC;13;355;4.982298420589467;43.409529406433016
040788218;HJ YVES ARNOUX MANOSQUE;ALL DU PARC 04100 MANOSQUE;4;355;5.7847596127556935;43.82758167072776
130808942;MECS LES ROMARINS-TAOUMÉ;79 TRA CHATEAU VENTO 13014 MARSEILLE;13;177;5.401208902869129;43.337017811047296
830211041;MECS VILLA SEQUOIA;1 R MONDESIR 83100 TOULON;83;177;5.964896191182794;43.13163874937741
840006480;SMUR CH ORANGE SITE VAISON;18 R GRAND'RUE 84110 VAISON LA ROMAINE;84;355;5.074748060347651;44.23963911066889
040780298;PMI CENTRE PLANIFICATION FAMILIALE;PL DES RECOLETS 04000 DIGNE LES BAINS;4;223;6.239536263341582;44.091831563466
040005209;HJ CMP CH DIGNE;11 R ALPHONSE RICHARD 04000 DIGNE LES BAINS;4;355;6.234654036387953;44.09527640369154
130792070;CENTRE DE PMI LA GARENNE;ALL DES PINS 13400 AUBAGNE;13;223;5.548980278960191;43.27574879302081
130008519;MECS SSSIAT;35 AV DE LA PANOUSE 13009 MARSEILLE;13;177;5.422324284176561;43.25718242129561
130810864;MECS SAINT FRANCOIS DE SALES;20 BD MADELEINE REMUSAT 13384 MARSEILLE CEDEX 13;13;177;5.421969151833176;43.33636856372331
130037690;MECS LA DRAILLE;13 MAR DES CAPUCINS 13001 MARSEILLE;13;177;5.380656476531844;43.2964489812012
130783368;MECS CONCORDE;38 R NAU 13006 MARSEILLE;13;177;5.387788030378796;43.29272775469903
130784457;MECS BOIS FLEURI;290 R PIERRE DOIZE 13010 MARSEILLE;13;177;5.425426596155182;43.27128545531179
130000516;CH LOUIS BRUNET D'ALLAUCH;CHE DES MILLE ECUS 13718 ALLAUCH CEDEX;13;355;5.470727375407314;43.3363267151959
130783921;MECS LES SAINTS ANGES;272 AV DE MAZARGUES 13266 MARSEILLE CEDEX 08;13;177;5.393242919421511;43.262076720323016
130784218;MECS ROCHEFONDS;21 CHE COLLINE SAINT JOSEPH 13009 MARSEILLE;13;177;5.414898627766226;43.25313331942364
130808819;MECS DELTA SUD;55 AV CÉLONY 13100 AIX EN PROVENCE;13;177;5.440202187305572;43.52939163282405
130802556;CTRE MEDICO-SOCIAL LE NATIONAL;34 BD BOUES 13003 MARSEILLE;13;223;5.3817385101873745;43.312233265235555
040789232;HJ VILLA VERTE FORCALQUIER;1 AV DU DOCTEUR CASIMIR CAIRE 04300 FORCALQUIER;4;355;5.778048616813461;43.96047997494063
130792427;CENTRE MEDICO-SOCIAL LA VISTE;PL JOSEPH LANIBOIS 13015 MARSEILLE;13;223;5.357230182545621;43.358723149015056
130034457;MECS ADP CANOPÉE;6 R DE CADOLIVE 13004 MARSEILLE;13;177;5.408551251269726;43.30382727242729
130808934;MECS LE MAS DE VILLEVIEILLE;QUA DE LA JANSONNE 13635 ARLES CEDEX;13;177;4.701114333558339;43.64923967845749
840019962;CENTRE MATERNEL - CDEF84;30 AV ANTOINE VIVALDI 84000 AVIGNON;84;166;4.808356588088467;43.9278510455454
130045867;HOTEL MATERNEL LE RELAIS;9 CHE DE SAINT DONAT 13100 AIX EN PROVENCE;13;166;5.45245946933542;43.540735374988486
130046956;MECS ACTE 13;350 RTE DES MILLES 13090 AIX EN PROVENCE;13;177;5.435499533016049;43.51004434751677
830004073;MECS LES BOUGAINVILLIERS;52 CHE COUNILLIER 83600 FREJUS;83;177;6.745205572953094;43.441389180739925
830103263;MECS LA VALBOURDINE;174 BD BIANCHI 83200 TOULON;83;177;5.919269568787599;43.13781315541515
040003253;SOS VILLAGE D ENFANTS;4 R BORIS CYRULNIK 04000 DIGNE LES BAINS;4;176;6.252863579913185;44.10389728328829
040005035;HJ CASA CH DIGNE;83 BD VICTOR HUGO 04000 DIGNE LES BAINS;4;355;6.231544513242803;44.100055043151215
830212544;MECS AIGUEBELLE;429 ROC DES PLAYES 83140 SIX FOURS LES PLAGES;83;177;5.826861379227674;43.100176403944616
040780660;MAISON D ENFANTS SAINT MARTIN;9 AV PAUL MARTIN 04000 DIGNE LES BAINS;4;177;6.235871127924439;44.09683034936102
830009528;CHI FREJUS ST RAPAHEL GERONTOLOGIE;345 BD GEORGES CLEMENCEAU 83700 ST RAPHAEL;83;355;6.775741487850073;43.42282571754647
130000565;CENTRE HOSPITALIER GENERAL D'AUBAGNE;179 AV DES SOEURS GASTINE 13400 AUBAGNE;13;355;5.563526413188915;43.291572720635145
130045065;HJ PSY SECTEUR 10 CH MARTIGUES;5 R LOUISON BOBET 13500 MARTIGUES;13;355;5.039135465867692;43.421732003440894
130052327;MECS ADAMAL;89 BD ARISTIDE BRIAND 13300 SALON DE PROVENCE;13;177;5.092808719560771;43.63824304068943
840000392;CENTRE HOSPITALIER DE CARPENTRAS;RPT DE L'AMITIE 84208 CARPENTRAS CEDEX;84;355;5.0487605962781945;44.05555903295388
840002570;MECS LA VERDIERE;641 CHE DE LA VERDIERE 84140 AVIGNON;84;177;4.874310566753613;43.943576817770065
830026027;OPAL CENTRE PARENTAL;831 CHE DES PLANTADES 83000 TOULON;83;166;5.962443955720268;43.11100636050472
130793110;CENTRE DE PMI LA ROUSSE;1 PL DES BALADINS 13140 MIRAMAS;13;223;5.008500612917793;43.59368177456099
840000558;CTRE PNEUMO ROQUEFRAICHE CHI CAVAILLON;RTE DE ROQUEFRAICHE 84360 LAURIS;84;355;5.303902259495488;43.758434123518256
130015498;HJ PSY SECTEUR 23 CH MARTIGUES;15 R EDMOND ROSTAND 13700 MARIGNANE;13;355;5.204593952742948;43.41545194889431
830000311;CHI DE FREJUS SAINT RAPHAEL;240 AV DE SAINT LAMBERT 83608 FREJUS CEDEX;83;355;6.749176015854098;43.43955310844942
830202743;CHITS HOPITAL GEORGES CLEMENCEAU;421 AV 1ER BT INF MARINE PACIFIQUE 83130 LA GARDE;83;355;6.010214334400768;43.12412127634582
130792385;CENTRE PMI CAMP DU GRAND ARENAS;TRA COLGATE 13009 MARSEILLE;13;223;5.405841606621145;43.23314072290472
830000279;CH JEAN MARCEL DE BRIGNOLES;BD JOSEPH MONNIER 83175 BRIGNOLES CEDEX;83;355;6.065467963139496;43.40413717945749
830101655;MECS INSTITUTION BARTHELON;102 BD SALICIS 83200 TOULON;83;177;5.9055504104866525;43.13225071258334
040000093;CHI DE MANOSQUE LOUIS RAFFALLI;R AUGUSTE GIRARD 04101 MANOSQUE CEDEX;4;355;5.809675433992955;43.82719994406607
130019748;MECS LOU CANTOU;83 R CONSOLAT 13001 MARSEILLE;13;177;5.390092490824306;43.30150828095826
130811417;MAISON MERES ENFANTS MAELIS;33 BD BRISSAC 13014 MARSEILLE;13;166;5.405543459195584;43.33593687211828
830028296;MECS VILLA LES ACACIAS;107 BD MARECHAL JOFFRE TOULON 83000 TOULON;83;177;5.949415369530216;43.123739715392844
040000135;CHI DES ALPES DU SUD SITE DE SISTERON;4 AV DE LA LIBERATION 04200 SISTERON;4;355;5.943787449556679;44.19303570346129
130792419;CENTRE MEDICO-SOCIAL LE MERLAN;AV RAIMU 13014 MARSEILLE;13;223;5.398084738326727;43.329885297222525
130797020;HJ L'ORANGER SECT 13I11;QUA FOURCHON 13637 ARLES CEDEX;13;355;4.628108813985113;43.65800187558368
830009759;PMI;254 AV RAGEOT DE LA TOUCHE 83000 TOULON;83;223;5.924093756585455;43.12739465642618
130045057;HJ PSY SECTEUR 24 CH MARTIGUES;VLA LES PINS ANC RTE MARSEILLE 13500 MARTIGUES;13;355;5.072223152583998;43.397649473347194
130781248;MECS SAINT MICHEL;19 AV MARCEL PAGNOL 13090 AIX EN PROVENCE;13;177;5.42421841033724;43.52734838052608
130810203;MECS LES MATINS BLEUS;3 CHE DE LA COMBETTE 13210 ST REMY DE PROVENCE;13;177;4.828782801192267;43.7875862431662
830004065;MECS LA PALMERAIE;33 IMP DES ROSSIGNOLS 83130 LA GARDE;83;177;6.001253448885892;43.12136675388713
840023782;CHICL - INSTITUT READAPT SPE;235 R DE GORDES 84300 CAVAILLON;84;355;5.053613427001678;43.845148187447535
830208294;HJ LA MAGDELEINE CHI FREJUS;452 R DU GENERAL BROSSET 83600 FREJUS;83;355;6.748391614600372;43.43459323260998
840019574;MECS LES MATINS BLEUS SUD VAUCLUSE;9 CLOS DE L'ISLE 84800 L ISLE SUR LA SORGUE;84;177;5.0690930451297715;43.914946232321256
130796972;USMP MAISON CENTRALE;R NICOLAS COPERNIC 13200 ARLES;13;355;4.634093305355999;43.70264688107615
840019228;CH AVIGNON ANTENNE SMUR D'APT;RTE DE MARSEILLE 84400 APT;84;355;5.362514993234362;43.86232612759556
130012768;CH EDMOND GARCIN MOYEN SEJOUR AUBAGNE;AV DU 21 AOUT 44 MAIS DU PARC 13400 AUBAGNE;13;355;5.561112469617066;43.287268403880816
130051808;MECS MNA HAS;22 R DES PETITES MARIES 13001 MARSEILLE;13;177;5.378402977910836;43.3011406619378
130783210;MECS FOYER CALENDAL;42 R DES VERTUS 13005 MARSEILLE;13;177;5.3920690424424835;43.29060903885763
040788887;HJ PSY GEN SISTERON;1 R SAINT URSULE 04200 SISTERON;4;355;5.944961939795476;44.19407782817624
830017604;HJ PSY IJ 83I04 CHI FREJUS;QUA COLOMBIERS IMP FOND MARCEAU 83310 COGOLIN;83;355;6.532614636698267;43.24479460169532
830014858;MECS LA DEFERLANTE;509 RTE DES CAMPS 83200 LE REVEST LES EAUX;83;177;5.933441255021285;43.175171593425375
830028262;MECS LA MAISON DES AMANDIERS;107 BD MARECHAL JOFFRE 83000 TOULON;83;177;5.949415369530216;43.123739715392844
130025448;CENTRE MATERNEL LA CHAUMIERE;5 R HECTOR BERLIOZ 13640 LA ROQUE D ANTHERON;13;166;5.311415456520569;43.71176361029447
830000295;CH DE HYERES MARIE JOSEE TREFFOT;AV MARECHAL JUIN 83407 HYERES CEDEX;83;355;6.110078104098498;43.11429988168214
830027850;MECS LE PATIO D'ISIS;255 AV CHARLES DE GAULLE 83500 LA SEYNE SUR MER;83;177;5.889887113085944;43.08007328804487
130051816;MECS MNA HPF;15 R HONNORAT 13003 MARSEILLE;13;177;5.380691436285336;43.303980105218734
040786626;IAP MECS;CHE DES EMBARRADES 04100 MANOSQUE;4;177;5.799858071460487;43.83108318143367
130781552;MECS LA LOUVE;936 RTE DE LA LOUVE 13400 AUBAGNE;13;177;5.560333144414898;43.307065193995044
830017042;HJ PSY GEN 83G10 CHI FREJUS;IMP JEAN MONOD 83310 COGOLIN;83;355;6.519753896243812;43.25655559215501
830024105;MECS  LA DRAILLE;182 AV DE LA CAUQUIERE 83310 COGOLIN;83;177;6.529914131109835;43.248810615663224
830000337;CENTRE HOSPITALIER DE SAINT TROPEZ;RPT GAL DIEGO BROSSET RD559 83580 GASSIN;83;355;6.585457514241668;43.228610836348096
830206298;CH MOYEN SEJOUR LA SOURCE DE BRIGNOLES;AV DE LATTRE DE TASSIGNY 83177 BRIGNOLES CEDEX;83;355;6.074022607381902;43.40369470557383
840017339;CENTRE PARENTAL L'OUSTAU;395 R PIERRE SEGHERS 84000 AVIGNON;84;166;4.8381844693262614;43.9266411282054
130784374;MECS CENTRE JEAN-BASTIDE FOUQUE;161 R FRANCOIS MAURIAC 13010 MARSEILLE;13;177;5.42683127820958;43.26787542130216
840013015;FOYER LES SOURCES;86 AV LES SOURCES 84000 AVIGNON;84;177;4.81768751916831;43.93346101319131
130784531;MECS LA REYNARDE;131 AV DE SAINT-MENET 13011 MARSEILLE;13;177;5.4973035565561945;43.28933887142787
130810823;MECS LES MARCOTTES;1057 AV CLEMENT ADER 13340 ROGNAC;13;177;5.223087534059352;43.50063340215624
830103255;MECS LE PATIO;73 R DE LA VIGIE 83000 TOULON;83;177;5.932516729751823;43.10521703419987
130011968;MECS PEPS;134 AV DE LA ROSE 13013 MARSEILLE;13;177;5.424949570774497;43.327936154121346
830004081;MECS LES HIPPOCAMPES;66 IMP SEVERIN DECUERS 83600 FREJUS;83;177;6.735651895168102;43.42871807195009
830021093;HJ AMB G12-13 PSY GEN CH DRAGUIGNAN;BD JOSEPH COLLOMP 83300 DRAGUIGNAN;83;355;6.461558983413971;43.54654595369767
830028031;MECS VENUS;179 CHE LE COGNET 83720 TRANS EN PROVENCE;83;177;6.481799958190081;43.51182423182564
840000343;CENTRE HOSPITALIER DU PAYS D'APT;RTE DE MARSEILLE 84405 APT CEDEX;84;355;5.362514993234362;43.86232612759556
830000287;CH LA DRACENIE DE DRAGUIGNAN;RTE DE MONTFERRAT 83007 DRAGUIGNAN CEDEX;83;355;6.45517662364848;43.546035240225514
040000911;CENTRE HOSPITALIER DE DIGNE LES BAINS;QUA SAINT CHRISTOPHE 04995 DIGNE LES BAINS CEDEX 9;4;355;6.187212491045508;44.077186548706365
130002215;CENTRE HOSPITALIER GENERAL LA CIOTAT;BD LAMARTINE 13708 LA CIOTAT CEDEX;13;355;5.607749980700025;43.1795449728921
130051824;MECS HOPE MNA;7 R COUGIT 13015 MARSEILLE;13;177;5.368494623850201;43.32183907065217
830009379;HJ TRANS EN PROVENCE CHI FREJUS;QUA VARAYON 83720 TRANS EN PROVENCE;83;355;6.485410825966708;43.50344627137649
130051782;MECS MNA ADDAP13;15 CHE DES JONQUILLES 13013 MARSEILLE;13;177;5.432341631281922;43.32615370188383
